{"cameraMode":{"drawMode":0,"name":"Shaded","section":"Shading Mode"},"sceneLighting":true,"audioPlay":false,"sceneViewState":{"showFog":true,"showMaterialUpdate":true,"showSkybox":true,"showFlares":true,"showImageEffects":true,"showParticleSystems":true},"in2DMode":false,"pivot":{"x":141.35501098632813,"y":-16.634185791015626,"z":39.25115966796875},"rotation":{"x":0.10599711537361145,"y":-0.8236704468727112,"z":0.16396638751029969,"w":0.5324590802192688},"size":94.3838119506836,"orthographic":false}